PLAYER_NAME,PC1,PC2,PC3,PC4,PC5
Aaron Gordon,0.3212610625643021,0.8001058679378501,1.8283586288543034,1.5037346906576008,0.3229837862164048
Aaron Nesmith,-0.7930559882918669,0.6510027069126229,1.593821299907982,1.163313594957009,-0.02425289477368675
Aaron Wiggins,-1.0399460599779198,-0.21975028474278022,2.2144794505400727,-0.040217626830549004,-0.6685487709478204
Adem Bona,-2.6099713155489006,4.044603306116517,0.23240052976549844,2.789126221806393,0.2847254080529268
Ajay Mitchell,-2.60572763099986,-0.8165110108143667,2.450279040847483,-1.061838006747967,-0.9916452654119554
AJ Green,-2.6949108127709582,-1.0515463933967346,2.5571395527459324,0.7291029201337387,-0.04862784560370561
AJ Johnson,-1.9926341366108569,-3.013451179803118,-1.9708184882819535,-0.3930398350296032,-0.12963540590843725
A.J. Lawson,-1.558431983527522,-0.9943926788514997,-0.35847208493915184,-0.19929258440515607,0.13954251163034717
Alec Burks,-2.624115863621145,-1.04858241392856,1.9193514467908825,1.1286570183343423,-1.6528901627606079
Alex Caruso,-1.7080266621328948,-0.7126463247095516,3.2402264381319625,-2.8163672000651583,0.74995789262889
Alex Sarr,0.7144948022249925,0.48526321996085703,-3.70795862477197,-1.1118067410560404,0.6727919306835137
Al Horford,-1.5613790320571228,0.7218839087644469,1.8687503304300628,-0.7530316465301131,-1.499766898924542
Alperen Sengun,3.9002779085669084,3.4665623768766043,-0.21766079044061554,-2.456534197662754,-0.8301841159271545
Amen Thompson,1.3811517887732747,3.209600878972915,0.9784269921466412,-1.6309881109668218,0.03905614036664098
Amir Coffey,-2.045527298565585,-1.172233975668234,0.8806252871058741,1.3191088938080346,-0.8943313629042542
Andre Drummond,-1.0771583820713153,3.670705096933036,-3.770880449302692,-0.5864853719682028,-0.32524280142845097
Andrew Nembhard,-0.08056449379680664,-1.6361605260305592,1.1451062319934446,-1.6904744154382803,0.8155904659136183
Andrew Wiggins,1.82408016201851,-0.45502176784794796,-0.43921077416588816,0.26563322898549285,-1.002358224694325
Anfernee Simons,2.0251803755023374,-3.119030739626172,0.0024303731249319524,0.8441308482586013,-0.38380396500459957
Anthony Black,-0.3280439264440897,-1.1379715970376405,-0.1906773285971311,-1.7580028960415652,-1.5139158064403728
Anthony Davis,5.475175346445119,4.346331463813667,-1.192350082104154,-0.5639999510705334,-1.1457481489816719
Anthony Edwards,6.113353428700594,-1.0052522957771284,0.6685303153781613,0.9354247888635069,-1.9050821854888111
Antonio Reeves,-3.009204455623211,-1.829825470628656,-0.722510121363462,1.9997708922725075,-0.0633954062008001
Ausar Thompson,-0.21170426441216433,1.6826362791876766,0.11809240959870554,-2.1635016253623824,0.905608702245463
Austin Reaves,3.5765969269962303,-1.1999575829314806,1.2166218269314455,0.7641627609560909,0.03629037515207218
Ayo Dosunmu,-0.25420628039593046,-1.515909053965551,-0.32802196198816225,0.5520293454689016,2.8191020163831495
Bam Adebayo,2.9007649444019448,2.1375499925765205,-0.4121292242076717,-1.198911584829569,-1.0391634315059073
Bennedict Mathurin,1.6200090113245071,0.18780998703401033,-0.7125607036984102,0.295987067128444,-0.7806412445701069
Ben Sheppard,-3.3394978941957354,-1.2498221817054784,0.7808707293364954,-0.4014840989011257,1.521883119428847
Ben Simmons,-1.5983164353381032,0.20352038533001104,-0.3146350333467651,-1.1515978362231907,0.6066129453371112
Bilal Coulibaly,0.6789735188146994,-0.8773602085398724,-3.142914308850468,-0.8218819200151672,1.5630174768672207
Bismack Biyombo,-2.811871389033911,2.386122290525136,-1.6540371538767178,0.7417345618768248,0.4288240351758402
Bobby Portis,0.35812048129120766,1.7503865263901686,-0.6123644063453664,-0.8952995706764855,-0.5871000461499832
Bogdan Bogdanovic,-0.6462819944518725,-1.4835365175833028,0.6659733190762355,-0.4006899057619831,-0.20378736249325996
Bradley Beal,1.3063184496260316,-1.2407956326509668,-0.7843764893444377,1.3534103729995683,0.7691385570559303
Brandin Podziemski,-0.35002130201978304,-0.6085742299593005,2.0108165214679183,-1.45045013252482,-0.43676643565851064
Brandon Boston,-0.6316060745499498,-1.618538047512479,-0.9350658613600284,-0.37051011653328614,-0.1898988356582731
Brandon Clarke,-2.179741327148072,2.8865402598334455,1.1373536448202617,-0.20342765737541768,1.3983744732314998
Brandon Ingram,4.118181388758558,-0.9377123232679434,-2.323231671525918,1.1460322809410008,-0.6082311051919508
Brandon Miller,3.5355550443730417,-1.5547662548984917,-1.5533228969896085,0.2558692661139759,-1.2332408981366016
Brice Sensabaugh,-1.156948792404792,-1.0394832572091637,-1.069777180784427,2.477186399827651,0.9345896057003233
Brook Lopez,-0.5041748652939568,1.6591097780586634,0.6736220213342465,0.818865258156541,-0.4034851202215973
Bruce Brown,-1.6916522566649843,-1.210258001797122,-2.0652991829338747,-0.5236997092345149,0.0919123724182335
Bub Carrington,-0.717965382894799,-2.173663980114725,-2.25427371621819,-0.13873030455421462,1.927876663946195
Buddy Hield,-1.062732600378715,-1.2981165221110715,0.5397120720491355,0.19795554395836856,-0.961633180750257
Cade Cunningham,6.803423831307494,-0.686643976055812,-0.12837557638271896,-0.5996153839250786,0.5910047123995198
Caleb Martin,-1.495706184272637,-0.6696956096694692,-1.2540840530738635,-1.0061345405822564,-0.745099029916934
Cameron Johnson,1.9577894128750104,-0.790220727107978,0.015204889439289536,2.3299502631936684,-0.7081468794275297
Cameron Payne,-2.2158525742478177,-2.5845019063285672,1.8328502618185907,-0.9509166677451604,-0.3140912722698163
Cam Reddish,-3.9607107001192148,-1.8586712007435962,-1.1908465156838393,-0.8443723990925375,-0.002784818787681763
Cam Thomas,4.307924418280891,-2.4210388992992686,-1.6383001955687029,2.7928467777828954,-1.918703209358206
Cam Whitmore,-1.6306284527833192,-0.8762538770009445,-0.5643881949783089,0.5976245443900394,-1.15312482611413
Caris LeVert,-0.2506484300166854,-1.2624687728626203,1.4197331278158172,0.09688209874864487,1.0070499722830606
Cason Wallace,-1.603197384374992,-0.7101610447783194,2.4487229777320443,-2.3599356611599953,0.7908752336366072
Chet Holmgren,1.9460841895738357,3.5054461244938357,1.0046163584457148,-1.4184330521222996,-0.7182645099028986
Chris Boucher,-1.532259698923133,1.341340947182954,-0.12190027328572124,1.592975088923611,-1.1668615229799197
Chris Paul,-0.2912596514345227,-2.1358404690960473,1.9338911524946265,-0.7987290195284996,2.4898130318668144
Christian Braun,0.2132548616989427,0.9327483840812681,2.374156204006921,1.1214898902540917,0.8869569238375927
CJ McCollum,2.4627480770936585,-2.184738563465632,-1.4369471948925387,1.352127481242628,0.5211149548059455
Clint Capela,-1.657926571764782,4.379753440708352,-1.5271327760883278,-0.9962663880714184,1.1356013237586189
Coby White,2.9439006989038727,-2.0125046589725217,-0.04743211734791872,1.0694825041644604,1.3878900688143971
Cody Martin,-1.8874529976129761,-0.5736075368350866,-0.7760016152674373,-1.6781807789736745,0.05261613070102299
Cody Williams,-3.205899808398245,-2.808878099150863,-3.789207908048766,-1.390050168211674,0.2965822159924797
Cole Anthony,-0.4969583795275441,-0.8080552832155113,-0.34526454597829176,-0.9010099517107975,-1.5992467119375164
Collin Sexton,2.107980474847718,-1.6103744382589469,-1.2248262241184138,1.695255451654369,0.5939709300890142
Corey Kispert,-1.4406875260669838,-1.5668602695907328,-0.8768707212203395,1.8968372192950116,0.5582126952994007
Dalano Banton,-1.307785601359771,-2.351636384748397,-0.8490580150986016,-0.5936045184979114,-0.8448411373903738
Dalton Knecht,-2.3837858729233585,-1.0552710867339097,0.21871269763205756,2.119666216135,-1.197507010369288
Damian Lillard,5.63803110881358,-2.0308537278874224,0.9756522714489012,1.3031320727169178,0.3948245317607078
D'Angelo Russell,1.0170465903711619,-2.6293268490310755,0.16820640236639828,-0.985482589031012,-0.29596136543596596
Daniel Gafford,-0.3400007054715751,5.666089457015292,0.5213630516940883,2.080156874218804,0.7422581764616765
Daniel Theis,-3.050801640568077,0.7429866814726165,-0.900434561067524,-0.440896952537281,0.937784355616477
Dante Exum,-1.634130020373145,-1.9328857910266866,0.29686208471413644,1.17174125415772,0.808571288768432
DaQuan Jeffries,-2.734545845112589,-1.2520499223785841,-2.0787989038835137,0.4471424272066274,-0.7428644490700873
Darius Garland,3.248259323525039,-2.2748639641089183,2.1143374575470983,0.40626228157765365,0.5906583400913511
Davion Mitchell,-1.2109008638826013,-1.6049691262648913,1.262364992155821,-0.5723199225533239,0.49192025777251086
Day'Ron Sharpe,-1.3768707371337063,3.7992144925705396,-0.3911308764235974,-1.4756689682385333,-1.58881829510213
De'Aaron Fox,4.807406242633973,-1.5633425573597988,-0.4116506649408374,-0.4522247803978468,1.0135359437982392
Deandre Ayton,0.18880997727340937,4.159959785890723,-2.3142813440851917,0.34105525630750033,-0.2522826445960777
De'Andre Hunter,1.289933199480613,-0.4096228355647236,0.11697794111960529,1.3624381224586848,0.5073410331750265
De'Anthony Melton,-0.04254530467391733,-0.4814451833166608,1.6958052082649129,-3.0962236511538372,0.008353227612820173
Dean Wade,-2.976547957405196,-0.12682220422309542,2.002203574952945,-0.8244423829412107,0.28329339555985844
Dejounte Murray,4.420627765303374,-2.04805186213313,-2.47105846613061,-1.8920214744597548,1.9587164096193537
Delon Wright,-3.900162256385476,-2.8236499737088727,0.429779896537118,-2.90164481403171,-1.0957452204436564
DeMar DeRozan,2.955985861495643,-1.7058578448877246,0.5336117868874375,0.5726530317424553,-0.23178781311700183
Deni Avdija,3.0499284530004034,1.165671551868032,-0.8250981611998952,0.5151422673622105,-0.12340863940727709
Dennis Schroder,1.014597917125738,-2.558402576317953,-0.056977254856139185,-0.8026438930626026,0.38425369419888344
Dereck Lively II,-1.260488196484934,5.770959523421407,2.179152994508973,0.37601476814619045,0.725264174128579
Derrick Jones Jr.,-1.630805896918717,0.5702613881427071,1.1289463843502656,0.30790542479162725,-1.0955844078266095
Derrick White,1.501360541537917,-0.5999866162225368,2.6691285659576627,0.20066160144775258,-1.0907081672495293
Desmond Bane,2.8804367780189537,-0.30623299694751416,0.6186365641079691,-0.12389795930296878,1.7061294176885895
Devin Booker,5.471381221194962,-1.917622671146127,-0.6384256709552069,1.4822860202765185,0.06948890820211243
Devin Vassell,0.8502358250704,-1.9169505162010825,-0.8439972341138943,0.6070955597980087,0.4281786182451679
Dillon Brooks,-0.17016221079076432,-0.8183986118241906,0.614829944920942,-0.527075876162383,-1.4241917996526976
Domantas Sabonis,3.7381163801651214,5.612896599401408,-0.1478880391266064,0.2341249619774507,1.0898829613246512
Donovan Clingan,-1.8644744531988857,5.173677043332651,-1.2863106130256952,-1.3419203023150061,-0.10842692578379998
Donovan Mitchell,4.548656296412361,-1.680635394187561,1.8602502241195917,-0.42436561281209373,-0.43486528159816634
Donte DiVincenzo,-0.06006970461605432,-1.329836061886694,1.6757161473193258,-0.2993064334353359,-0.22407067737709727
Dorian Finney-Smith,-1.8994728687565197,0.3427611703925337,1.6612093555414653,0.3056431853975054,-1.1116963352759606
Draymond Green,1.1687589371799656,0.6781477720830323,0.3896442463571276,-3.1618272277010124,0.81328253187996
Drew Timme,-0.1921531981577178,0.4183443125708507,-3.1998199583734177,-0.16106377509670594,-0.42065743817311396
Duncan Robinson,-1.2740127018839926,-1.824395409589184,1.3757285431939579,1.274821712779438,-1.396891552623606
Dyson Daniels,1.5809462114635073,-0.08468904069638888,0.08867545376505627,-3.0438313126086167,2.72803634483183
Eric Gordon,-2.8465310557782644,-2.261858804068718,0.5791708753191352,1.6545629093385708,0.03294853978223083
Evan Mobley,2.626520896863648,3.917809437065984,1.326731392554805,-0.36261505041373904,-0.20536541606987035
Franz Wagner,4.788638224161833,-0.625148768155936,0.9999501567231801,-1.1225771728011635,-2.030949525280962
Fred VanVleet,1.4243210742284313,-2.6005615756984715,1.970307504839346,-2.4076789356145043,-0.3043157030056713
Gabe Vincent,-2.9607378430477076,-2.261496456169347,0.7624806874082675,-0.36316556352348306,-0.45070340945181236
Garrison Mathews,-2.1662585860411787,-1.405854319648252,0.5751940882051501,0.7967622608789947,1.1773195869041346
Gary Payton II,-2.829941771495904,0.6977930722461726,1.5075525779874712,0.7685174713386073,0.7294879017782597
Gary Trent Jr.,-1.4294461095589985,-1.927275550743537,0.9886693967880505,0.9800447680697587,-0.12210556439800781
Georges Niang,-1.5054010950272965,-0.19758580025756117,0.42782480757439934,1.3197561352174372,0.1828113790072762
GG Jackson,-2.061123817255428,-1.4565884393178952,-2.7733849435026157,0.12584617762168454,-0.38826255424396433
Giannis Antetokounmpo,7.868284630724477,4.110345065483335,0.3823162060370744,0.3841929959707407,-0.17408429890283877
Goga Bitadze,-1.682705719993185,4.477168836819359,0.8732843668746522,-0.22222992110986964,-1.4174262068589825
Gradey Dick,0.5386598503026688,-1.6224877060983123,-1.679430481833315,0.48999238060924644,-0.3246627288995343
Grant Williams,0.06975149210525267,0.7169565435202614,-0.19711473718940442,-0.2678308224150593,-0.11314052446039365
Grayson Allen,-1.0068250629519058,-0.9773697317834574,0.3787803487593595,2.20117082516216,0.5398873518810159
Guerschon Yabusele,-0.7556217709515528,1.3175132520745254,-0.32314255939003556,1.3538246206682678,-0.45949821039048955
Harrison Barnes,-1.4170760411006729,-0.35838153359374175,1.476222241877522,2.700741081541996,0.26141162089311165
Haywood Highsmith,-2.6268247599111336,0.01885723929088323,1.0004419689737,-0.10528300449799029,-0.9221307136659997
Herbert Jones,0.2684302274601454,-0.7053105561691428,-0.3753175959563309,-2.2446494441107894,0.77669872307173
Immanuel Quickley,2.1460922091963943,-2.353326044315604,0.7840477503609965,0.17897809520452423,0.43673070780371437
Isaac Okoro,-3.0838064334492334,-0.5246636500547586,2.04586783792543,-0.09337313354455926,-0.20537352221198574
Isaiah Collier,0.27635800784027337,-2.389783711535674,-2.3362821603301573,-0.9499517723069552,1.8044230914068662
Isaiah Hartenstein,0.5440440956508474,5.096681948221921,1.2131968104745874,-2.295059887765521,0.38835376129850785
Isaiah Jackson,-1.6025063291086752,4.364065511868003,-0.05232823693745485,-1.0125606142073609,0.7793855608065262
Isaiah Joe,-1.8847996760647192,-1.1049986152732243,3.7056694065762485,0.17695336787805685,-0.2664648537995637
Isaiah Stewart,-2.36221445203023,3.14699882334241,0.27112319042788224,-0.38826181176594715,0.31697985444709137
Ivica Zubac,1.2841871432271688,6.334056893231502,1.1182445740738158,-0.4539016273708662,-0.9148176895748894
Jabari Smith Jr.,-0.4145929401200461,1.5812710487592703,0.20810257284102032,-0.687945276447265,-1.9910362295174027
Jaden Hardy,-1.4389921825912901,-2.007632538239968,-0.6487758777228684,0.5987933243207032,-0.44068655231531534
Jaden Ivey,2.3966680281512724,-0.7903616158282678,-1.0034393957693681,0.6575764824118631,-0.47779094354959223
Jaden McDaniels,-0.13986277548515647,0.9686792328433883,0.35698952148801977,-1.3065723617722589,-1.035194619251898
Jaime Jaquez Jr.,-1.097014853874891,-0.28766026824777063,-1.051293915348858,-0.2080140113664295,-0.5448810227524455
Jake LaRavia,-1.7364343952678916,0.5423418494466898,0.5643203404000856,-0.4400373899969423,1.1569070363129932
Ja'Kobe Walter,-1.6510922782968311,-1.1710462870835283,-0.8022554674154884,-0.7442109064634937,-0.522491666553456
Jakob Poeltl,0.9382626361629502,5.057807099202398,-0.31127797187050577,-0.4551677106562127,1.0914906713792403
Jalen Brunson,5.17158879542565,-2.407885196746458,1.1657770279099688,1.5954333670359964,-0.38961652125282653
Jalen Duren,0.3979489395488515,6.770523165600759,0.13911596799956277,1.0555264050014614,1.4593517323216536
Jalen Green,3.155721118212746,-1.9075879856189148,-0.08720946340547585,0.31326683012491047,-1.6558109429516836
Jalen Hood-Schifino,-2.0854361695824153,-2.819609352753451,-2.9425846391550885,0.6968223962501079,0.6974158853766581
Jalen Johnson,3.4934958269868077,1.7714432493032974,-0.20241033181476265,-1.9029577832143476,2.0678913929844054
Jalen Smith,-1.7738872922930264,1.911703048627731,-0.6328064355928047,0.1772688938315087,0.9751802027471942
Jalen Suggs,2.927788066410871,-0.8484398520555972,-0.12213056737097853,-2.0304758012040596,-1.6255194400784623
Jalen Williams,3.8467167993708666,-0.3733221726868197,1.8571145362351456,-1.7137485025415207,0.10720909358923539
Jalen Wilson,-1.361739807057087,-1.2768391211438224,-1.0088779115182964,0.3860008534418765,-1.445815840556099
Jamal Murray,3.2258218781051826,-1.7681755214198853,1.4914095828904113,0.005401401417838607,0.6920084269260725
Jamal Shead,-1.5859015919849313,-2.8962720136385576,-0.7056577935613484,-1.162060061107298,1.0020985795374253
James Harden,7.06741345776353,-1.1415430592169018,0.9210027751986514,-0.9330346064519778,-0.6976016145540138
Jamison Battle,-3.0531628525028967,-0.8128092420439423,-0.012316701373343938,1.4414277459181206,0.3733580830725485
Ja Morant,5.7207865172387695,-1.8111322696341419,0.5547684468740451,-0.9759377386072706,1.187023857621665
Jarace Walker,-2.3860580922210888,-0.24861264959311735,-0.10370276633742265,0.6250745641076874,0.6441653449143817
Jared Butler,-1.1460212088241761,-2.316604741133668,-0.15988318446448344,0.07786667431912529,1.05375021073479
Jared McCain,0.37553232209841153,-1.8817001424722815,0.35699173615850477,1.39211597634063,-1.448237433477033
Jaren Jackson Jr.,3.976293950416273,1.4516061418953028,0.04638850060929814,-1.0269823061535923,0.18482086139763676
Jarred Vanderbilt,-2.927912014283517,1.962089043307908,-0.7760250018152005,-1.36748474521318,-0.13912048648014258
Jarrett Allen,0.1435039612158431,5.293927645471547,2.2811234821033257,1.5989705085060866,0.6997239771243924
Javonte Green,-3.075455488006082,-0.6416698213267693,-1.167887935086537,-0.19221942780447485,0.6332367863109349
Jaxson Hayes,-2.350169230984435,3.6809616704566146,2.0145535394133,2.054378566115023,0.457413084721243
Jaylen Brown,4.225172532303591,-0.48154162270927914,0.5474786420685869,-0.5631761112883958,-1.3727798706659142
Jaylen Wells,-1.4173221939460907,-1.113802067644734,0.3730536955048101,-0.06807708529626803,0.6137118285226765
Jaylin Williams,-2.1283865975271894,1.666450948694274,2.6797530982833146,-1.4366460014696139,0.3784889150517109
Jayson Tatum,6.564715185903422,-0.13145475740025594,1.2973035296692565,-0.06233227756273334,-1.7241212973896187
Jeff Dowtin Jr.,-2.9629263214857913,-2.5659256587767834,1.4234856630099013,0.8799749626317042,1.1238671227396648
Jerami Grant,0.8597626567343634,-1.5601155615622995,-1.5943167906893467,-0.4353575754070001,-0.8552065888408766
Jeremiah Robinson-Earl,-2.806779798732138,0.467686200035171,-1.740469235299483,0.97581345463565,0.5603147236226439
Jeremy Sochan,-0.33204207431229543,2.0813005029892535,-0.9749126563238018,0.08121008901422862,0.6125048482432015
Jimmy Butler III,2.535361405308088,0.16356217153367394,2.604759834850182,-0.4745167655610651,0.186238873182625
Joel Embiid,6.366456174505171,1.5722346725034988,-1.8167534017646159,-0.036794178959135546,-1.4270101878140875
John Collins,2.794869748235999,2.95420770792406,-0.9679123408753265,0.46957657617599263,0.03429310035523406
Johnny Juzang,-2.1105811843835705,-1.3141625625984987,-1.405054001399194,1.665610074026465,0.9385435169668676
Jonas Valanciunas,-0.40391952485322863,3.7396373107148158,-2.3916732642148175,0.7791006934063699,0.726851082868677
Jonathan Isaac,-2.618798145819781,1.559163388596179,-0.9028748851559547,-1.9850018330102281,-2.0496588906235678
Jonathan Kuminga,1.4470703375440463,-0.2877833958414749,-0.6481159718983419,-0.5793108882961209,-1.4901463373540222
Jonathan Mogbo,-1.9967604566873418,0.4035614314752079,-1.7958142748509238,-2.1502354884874797,0.7239950304368276
Jordan Clarkson,1.805131332860727,-2.4444218746088886,-1.886608702131323,0.9970315274676326,0.21777819095812417
Jordan Goodwin,-2.773514642099832,0.17486848645120334,-0.36399458684432795,-0.6820370651498087,-0.4789772110705883
Jordan Hawkins,-1.2674693960652603,-2.5398961044054773,-2.4101117358776594,0.9859083313049126,-0.7932332420784979
Jordan Poole,3.785964860692707,-2.194983160142231,-1.7649679021304818,1.1433913464470606,1.589850723792091
Jose Alvarado,-0.37244256534081527,-2.9141263714214953,-0.4669795385088949,-0.4251886914997645,0.8469564210979229
Josh Giddey,2.5617375699295124,0.7331879607737604,-0.49394426791758606,-1.0051682070713623,2.399586307975396
Josh Green,-2.2485096007204173,-1.3207963846465454,-0.7897621706007777,0.09720629347427141,0.23747397339444576
Josh Hart,1.8317405226785026,2.0438192770416905,0.99098763049232,-0.8410077549625956,0.8843794604078102
Josh Okogie,-1.9376115229332882,-0.0720818922359225,-0.03172534166276847,-0.45906454596082313,-1.542498386038988
Josh Richardson,-3.0396357472677855,-3.0899137805495274,-2.916221028760188,-2.7420565850383474,-0.5910360826644255
Jrue Holiday,-0.6384660314640983,-0.9232325247388232,2.292895370230339,-1.1978778323009847,-0.3513582999730409
Julian Champagnie,-1.5073443672471922,-0.803556323209357,-0.23651921001179174,0.8739532348067572,0.04188311009791084
Julian Strawther,-1.7038402173557183,-1.626041112110171,-0.5783965163409259,0.4841934515615594,0.24614724471604083
Julius Randle,3.214835739387642,1.04457164043933,-0.08054651219541704,0.2596902311892701,-0.9588845156654409
Justin Champagnie,-1.7783250540010576,1.7031913460504584,-1.0782805147252428,1.0744566116302705,1.175275859345157
Justin Edwards,-1.4248824467089554,-0.9738184513976234,-2.128546704528339,1.3957103861952143,0.49281823735089836
Jusuf Nurkic,0.09950898204851115,2.677609164940675,-2.348436422409187,-0.5558998715879238,-0.1412643470060693
Karl-Anthony Towns,5.356110663629374,4.804077337284031,-0.37678692780593326,-0.03447688136484405,-0.8281788439337379
Karlo Matkovic,-2.0157331224699044,2.7296001274611728,-0.5396011956409187,1.1708830583302106,0.589180724565308
Kawhi Leonard,2.9843704588868776,0.06384587338266873,1.9748735827033697,-0.48567588016001867,-2.09767911443939
Keegan Murray,-0.7433165515296957,0.9605395101351322,-0.39666900580897374,-0.39271585416464583,-0.5283445048138842
Keldon Johnson,-0.5977553910991965,0.03598812233085646,-1.1173990792610056,0.9776837965995848,0.1457837332525948
Kel'el Ware,-1.560546445380197,3.4286082012205994,-0.27755898210180696,0.33343142273486087,-1.1998270706141443
Kelly Olynyk,-0.47559996095199947,1.3107564733104906,-0.44269725544110655,0.146645537677347,0.40162275548065485
Kelly Oubre Jr.,1.025341813059855,0.4591565709638362,-1.7166011181724108,-0.5040473266071327,-0.33327247073880617
Kenrich Williams,-2.800143196686891,0.30097448670285915,2.2191447046316206,-0.6572423813105496,-0.4966027824979497
Kentavious Caldwell-Pope,-1.8394806529536274,-1.6065906594526174,1.4043523080810028,-0.42566088701164,-1.3938485190377627
Keon Ellis,-1.6691144491594094,0.3181890848453599,1.7671658960232206,1.0030475911846195,0.25667862506825256
Keon Johnson,-0.16991618421709737,-1.3554918577628574,-2.1472374452020877,-0.8196092106782954,-0.8822658365607374
Kevin Durant,4.994063490419477,0.15698135276073924,-0.22738902223024177,2.582157284298822,-0.4873510175671403
Kevin Huerter,-1.3001771852282917,-1.824914837627136,0.7080574273441681,-0.5025760510568429,0.3270464818193811
Kevin Porter Jr.,0.08219759911638441,-1.121935254970617,-0.022736840102570734,-1.380869965297918,-0.5853946027419206
Kevon Looney,-2.980519282034339,2.8851031096421837,0.19089855518956786,-2.2261745935296777,-0.037080479377740824
Keyonte George,2.5786258952781593,-2.980427113129421,-2.4224699827070175,1.45723230163882,0.891714632212461
Khris Middleton,0.2088216166440892,-1.1751136335793106,0.7593544380270678,-0.15195094802439205,1.7535648862116417
KJ Martin,-2.984419154444747,0.11735602001930483,-0.3072270302774072,1.6566270541613033,0.7649901446282988
Klay Thompson,-0.4384018193214864,-1.9824939988709454,-0.3387247998902788,1.1470986625851585,-0.7407164495027475
Kris Dunn,-1.7119369831082494,-0.741451444317271,1.737206641043605,-2.9120984676420423,-0.05764130597876329
Kris Murray,-3.7721213274394527,-1.1135320298452134,-0.8303949661356036,-1.6181001422167889,-0.6591874556795776
Kristaps Porzingis,2.672519661523244,2.1580617418183676,0.59148328681706,0.3509009250893253,-1.308614498492135
Kyle Anderson,-2.6779456077606127,-0.5597640264739978,1.1050787308085301,-1.447346764986948,0.13495425927285756
Kyle Filipowski,-0.7337691685828243,1.6248395586645408,-1.921668014341516,1.0731610363569262,1.2362065179563888
Kyle Kuzma,1.0138354037760684,-0.9744376850032237,-2.8082482336276358,0.365448128449278,0.11228530310329304
Kyle Lowry,-3.1036044703956964,-2.453407265678655,1.1412511002499937,-1.782287311377709,0.5664800120943589
Kyrie Irving,3.9625554078065037,-1.0382793947298203,0.7388074109029966,0.5828408655313032,-0.37235041453277884
Kyshawn George,-0.7181121610199841,-1.0557228608050573,-2.1454302122044084,-1.3006206929409134,0.8525330842399159
LaMelo Ball,6.365940472710437,-2.178113612431146,-1.51502447255251,-0.003258045631476604,0.4108944518326793
Landry Shamet,-3.6932940310763573,-1.4340164088367797,1.7499092486351722,1.1621366484354965,-1.50810413884967
Larry Nance Jr.,-2.2116901999879026,0.6295287476545202,0.13377453363497926,1.5022679838628195,2.2858639761363224
Lauri Markkanen,1.8108193453673136,-0.47831118738981415,-1.8201238407324292,1.583400140543017,-0.6066649224572274
LeBron James,5.320304519239521,-0.04904695515688225,0.08659084739581036,0.8443899649189673,0.7251768966694234
Lindy Waters III,-3.4722274547244947,-1.9402496025732958,0.2620687020387539,-0.6407469608886631,-1.0635383883274108
Lonnie Walker IV,-0.5922003201359891,-2.2613048696544618,-1.6812889647774598,1.5957173401096627,0.4161795544673997
Lonzo Ball,-1.2800229676242272,-1.636680503294859,1.1645368641611547,-2.2631480098816956,1.4292474601524852
Luguentz Dort,-1.2783360486370587,0.24911022207312536,2.3287080996349103,-1.197385972962864,-0.08118052534202787
Luka Doncic,8.310470326323959,-0.3326234495800122,1.296203551406682,-0.8562696055291734,-0.3503031375179234
Luke Kennard,-1.9041483457059842,-1.3311768292304205,1.9566414246454082,1.2600587219755839,2.2808691334991082
Luke Kornet,-3.0946778346719177,3.850066076096901,3.616733661515009,0.5748167954776444,-0.7102346518452561
Malcolm Brogdon,0.46605903556807765,-1.6575154446661033,-1.6251032757971149,0.3556876720805892,1.08308661408062
Malik Beasley,0.06800254257871179,-2.0751448912244936,1.344265521959718,1.0723823797228196,-0.4342358529945308
Malik Monk,2.34736950390262,-1.7699443088948643,0.025839198342662625,-0.2688797667444459,0.37138900287012877
Marcus Smart,-0.6853754066908497,-2.193314380198654,0.4195583693057303,-1.7846464635551578,1.339962715014045
Mark Williams,1.196927411208613,4.8053948812264515,-2.177287183711169,1.3810986954427837,1.137187452261506
Mason Plumlee,-2.587095142535366,3.4426165190833964,0.32902839484042185,0.9638153551983917,0.7931934973617217
Matas Buzelis,-1.8554184181462376,0.06506602161757939,-0.6628554739036987,0.3364104434976886,0.4881101640997462
Matisse Thybulle,-1.7833885781029915,-0.26914967952721,2.204297042710131,-1.5919199737784215,0.7844813436531879
Max Christie,-1.3086988302561056,-1.2384738923174992,-0.24551080960536042,0.5303119052978297,-0.34119297669879406
Maxi Kleber,-3.836000435544933,-0.9760063259996022,-1.2173235597402285,-1.3773045990112596,-0.20648484833195654
Max Strus,-1.3637479710392957,-0.2486361453380401,1.8604455613527113,0.5746140884912615,0.6331948490420397
Michael Porter Jr.,1.0291304778019592,1.1374320158776976,0.40243080650854907,1.4659950444079215,-0.09674913755573278
Mikal Bridges,0.4536459722187919,-1.4517759925716331,1.5833509649600899,0.7741816339107447,-0.8712657303685807
Mike Conley,-1.2645542228644522,-2.0776801428136715,2.775813956738009,-0.989000166436079,0.10344099209933041
Miles Bridges,3.1864225754066884,-0.36271833421462574,-1.5884037043910617,0.3254703696407595,-0.7240257100492822
Miles McBride,-1.575319181211961,-2.338272881222717,2.2110788485724417,-1.3786268041360716,0.0642094314631224
Mitchell Robinson,-3.152297124834283,5.266665003922348,1.3304910808253938,0.657031319044164,-1.197005739945747
Moritz Wagner,0.40040355346371875,2.0032148301046035,0.5000349514083811,1.122178143437271,-1.1198883252571548
Moses Moody,-1.5712813132420007,-1.0380136668113693,0.9902756826922713,0.0800354969059386,-0.8495615835517325
Mouhamed Gueye,-2.3848960638405288,1.0603840943981553,0.05628869658087399,-2.495096975010583,-0.4125825230220122
Moussa Diabate,-2.8000886699290057,3.797124648957563,-0.521788300415392,0.4819972547634499,-1.3305440748045296
Myles Turner,1.5044269700038437,2.4254386538313155,-0.03612072889065459,0.24620981294842398,-1.1407124714293462
Naji Marshall,0.06409100728691257,-0.44354743367178323,-0.315574406860615,0.5464011307330399,0.49514884690903527
Naz Reid,0.5815535806187044,1.0059624847781687,0.7267125317041586,-0.36092435604493606,-1.3357093923038499
Nic Claxton,-0.8515704894772447,2.8360587738804424,-1.9065694258168129,0.09769472737186741,-0.1668861202999088
Nickeil Alexander-Walker,-1.3664194766905315,-0.8586261800047001,1.4706141697669348,-0.017496850384307726,-0.795238471286113
Nick Richards,-0.9399962754434548,4.697683598913868,-2.6504287209106616,1.9875986420346097,-0.2127250394560403
Nick Smith Jr.,-1.5907683137295263,-3.1079002076537177,-1.9704865222438788,0.9029009789049943,-0.6830197898354301
Nicolas Batum,-3.750369128051905,0.2761219706571874,2.6955975480262158,0.2725663521692905,-0.2614101920675374
Nikola Jokic,7.787537971441024,3.4374522233418907,2.136862625941477,-0.3742107522441968,2.383347342170091
Nikola Jovic,-0.6149722458096754,-0.7385946140470346,0.7969507245429454,0.5187470759754289,-0.7031959670577332
Nikola Vucevic,1.675296278885052,2.695829114060773,-0.6541229750886287,0.5278750837133576,1.7196252598575672
Noah Clowney,-1.214956355425055,-0.7765381121194833,-2.5606455298597695,0.25514023194208013,-1.7918437039986006
Norman Powell,2.670407735794939,-1.2822933254979385,1.9541221117956578,0.8016037226530408,-1.834646595061747
Obi Toppin,-1.3658438152625718,0.32413119372010263,0.39700690600058763,2.0482716685669113,1.339805756247634
Ochai Agbaji,-1.8161866700315878,-0.1978743739448405,0.24331272873215448,0.7056698991404073,0.5976940794309971
OG Anunoby,1.604395123977688,0.09255370471227865,1.011652716642188,-0.1350046099999721,-1.336000427342832
Onyeka Okongwu,0.3547762495420036,4.0498548266855074,-0.21898299798620938,-0.06349307017773115,1.7617886913910183
Orlando Robinson,-1.9578545030509926,1.2273135591192414,-1.5946946034227125,-1.5159378218123043,-0.18221118414148602
Oso Ighodaro,-3.5938363666440076,1.3555869289900848,0.7804471850408758,0.5927906419744562,-0.3725464355777579
Paolo Banchero,6.267983913334193,0.1059783417403344,-0.896829025096549,0.12739084753962954,-2.317763487389046
Pascal Siakam,2.2659320967945202,1.1100586805927268,1.2355737150440735,-0.23304100851248616,-0.1259998082140363
Patrick Williams,-1.3679242951549349,-1.4688711310078237,-1.4337061164268783,-0.7043836830675717,1.101024171258871
Paul George,2.539697268352675,-1.040936461248478,-0.5275417879272765,-1.2509463564340004,-0.299138758153862
Payton Pritchard,-0.2739758653038217,-0.7706977944160214,3.4106980785197645,1.0103610900566824,-1.0921337487061509
Peyton Watson,-1.8538598013442553,0.1568957084678893,-0.40952924147461683,-0.12252939687573698,0.1167324905118971
P.J. Tucker,-4.498027526246806,1.27273525936013,-2.3369645667073784,4.135343600141767,-0.6861160378445328
P.J. Washington,1.6705727954821485,1.4261987960625484,-1.079542884057735,-0.8286251409626593,-0.21369948198970923
Precious Achiuwa,-2.490536106366296,1.6585406163834848,-1.1258688191765833,-0.9800784500080931,-0.7439703617265947
Quentin Grimes,0.9137942076905681,-0.8773190566745922,-0.8043510987675302,1.478072339966003,0.4262506929495746
Quinten Post,-1.9861218055484224,0.44456519927661947,0.6478293775703862,0.6226439753714321,-0.9090442689400631
Richaun Holmes,-2.341092214138504,3.672151072466549,0.5193685682842283,2.185575064385413,0.7719005941838935
Ricky Council IV,-2.0978085760942045,-1.7603213206060262,-1.7241613580646056,0.02885636280989034,-1.0359848875440179
RJ Barrett,4.016512045921366,-0.5411798479772214,-1.2066111232404264,-0.0065120048151605,0.5786625828318603
Robert Williams III,-2.55313307013487,4.417740673911343,0.8007418406453531,0.6720361127448983,0.07641330893860585
Ronald Holland II,-2.334973422423718,-0.643412094115483,-0.5575156103543909,-0.011084118156299875,-0.7448727153880318
Royce O'Neale,-1.4990246265127019,-0.4434149838656982,0.11906988296906226,0.7575600866682441,0.6555343031189726
Rudy Gobert,0.1334014853429589,6.4089124978051615,1.5183893499151726,0.3061596712013045,-0.8367530142811488
Rui Hachimura,-0.8560744921631246,0.5421945619825786,1.2741965630876415,0.9281883189417008,-0.7962333809181504
Russell Westbrook,2.2399241227992706,-0.5995061854801974,-1.1249488321996177,-1.3889212979374688,1.7517337300551823
Ryan Dunn,-2.6364393503718193,-0.14380912830897744,-1.4325173703742728,-0.10355942947732558,-1.072405677908229
Sam Hauser,-2.7049292257006976,-0.5653690642546001,2.925792301325841,1.5778236973023427,-1.5218774876261782
Sam Merrill,-2.630741386822966,-1.454595024633457,2.526184599940647,-0.2856564172223951,-0.14449111335324985
Santi Aldama,-0.4577008711359292,0.4607514571445863,0.891858680363113,0.07071756908601116,1.6315535770261025
Scoot Henderson,1.4222652635983795,-1.717604073070099,-0.6902395877538607,-0.7256310515099204,0.41259414868914507
Scottie Barnes,3.873983357090878,0.26854458094039296,-1.0292824760855563,-1.888517582443639,0.454605790202888
Scotty Pippen Jr.,-0.04083964035613582,-0.5918946721875706,0.8828706676295928,-1.359777479393625,2.257338465049121
Seth Curry,-3.4188823011419363,-1.316783689058024,0.6427707732047319,2.3014313663052377,-0.48913551535496164
Shaedon Sharpe,1.9262542956770161,-1.437441447253011,-0.9735591981551799,0.761432709866023,-0.9645117378895769
Shai Gilgeous-Alexander,7.797810554361721,-0.06789350560494663,3.569973402154363,-0.6272174401200102,-0.4857181178196676
Simone Fontecchio,-2.878298789591291,-0.7731050161738673,-0.41183568725988917,-0.24162094221239086,-0.43295115040251336
Spencer Dinwiddie,-0.16904492426508694,-2.7269384087201907,0.1644880155168415,-0.04832475268232308,1.092046825882371
Stephen Curry,4.759264346874255,-1.8514790730660788,1.5802963656329239,1.3077792895014475,-0.060197883224518446
Stephon Castle,1.6688285074228386,-1.652997048940239,-1.7153139328330524,-0.20604054079757406,0.37917751204372013
Svi Mykhailiuk,-1.7086245741223862,-2.2841325071298435,-1.429206901426616,0.9497473635617867,-0.04206133769220159
Tari Eason,-0.012989093183578361,1.9787802828195806,0.15629186576615098,-1.8937630767723512,-0.1321583768562359
Taurean Prince,-1.9134310538338235,-0.6481602772507042,0.7946345476434633,0.9148440992929191,0.6962836579408284
Taylor Hendricks,-1.9177945704788137,-0.9906192160973751,-4.299953043744868,-5.773909788763516,0.038120300729545066
Terance Mann,-2.4531922921506255,-0.5622324594810223,0.28956142144264585,0.6966055263563405,0.5833338994718967
Terry Rozier,-0.9550788472693726,-2.1707312471994302,-0.9294808363017097,-0.42343363763438563,-1.2085997183262025
Tidjane Salaun,-2.320532988131649,-0.9111984601200039,-2.6956610090381754,-1.4103019907229455,-1.8724971352292168
Tim Hardaway Jr.,-1.6120804739911767,-2.4918929283347078,0.6501974278136451,1.1054812818637278,-0.3596838983596083
T.J. McConnell,-1.2079441832109135,-1.7715620393851026,0.511755260054604,-0.6607842465594832,1.9181229320660254
Tobias Harris,0.22328811679293695,0.363455334013565,0.46959918707356674,-0.5966349587854405,-0.3748591546608272
Toumani Camara,-0.252620548280795,0.9602115196299197,-0.3981516644458573,-0.8879835381341272,0.0866072569009652
Trae Young,7.194264677456773,-3.3990323077352693,0.04788563446953794,-0.2089417456902338,2.420768618393356
Trayce Jackson-Davis,-2.6669717292736626,2.308952114401899,-0.050710554508713555,0.18783939835934987,0.35625213197979416
Tre Jones,-2.2481827554650193,-1.5669735102795759,2.549798586286499,0.1418136959292276,3.1283457285857295
Tre Mann,0.09806973186339317,-1.7578091171859154,-1.3809068002903093,0.7809222260650699,-0.9728510655108477
Trendon Watford,-0.19968265355058612,-0.3272045560368924,-0.662050229327825,-0.19193082915343243,-1.563617671472984
Trey Lyles,-2.559097202322066,0.11416166528932968,-0.4313470381554423,0.142741192725642,-0.3855335897967395
Trey Murphy III,2.9581522272990446,-1.06279186396638,-1.4277506543536478,1.6088340630089826,0.8106927527176
Tristan da Silva,-2.676985554557744,-1.0916465107772264,-0.401097132916159,-0.1562101875259852,-1.8785689723925478
Ty Jerome,-0.17955287790644225,-0.9824307787281588,2.5102500953551243,0.821244448240446,0.6795805457083621
Tyler Herro,3.9494800658158415,-1.7378364754609361,1.04493021647345,1.6636281275782945,-1.2338143037671234
Tyrese Haliburton,2.618213866003859,-2.4694738191943424,3.5792524664166496,-0.015281132385150525,2.5075238193454146
Tyrese Martin,-1.7212544088310027,-1.127896168139849,-1.1404310139190816,0.40945659106788873,-1.030755472747494
Tyrese Maxey,5.530967785939211,-3.027352289400414,-0.13643082493304393,0.4219938613630306,-0.17921837144771663
Tyus Jones,-1.3695011572643294,-2.8601659751505886,2.0236358710059714,0.845402800262364,1.458728749186186
Vasilije Micic,-1.8851299096998522,-2.8489303056622846,-1.4218469571582306,-1.052574701441107,-2.048378554654343
Victor Wembanyama,5.775923566080807,4.374346630873389,-0.7258466237981378,-1.0079162463074125,-1.1035802259488103
Vince Williams Jr.,-2.0750112565542373,-0.9663251371636289,-1.567293001287266,-0.5824876283628919,0.9882961931752493
Vit Krejci,-2.309705408949856,-0.20437518771056512,2.003508488054507,1.5907915723969492,1.629291116204951
Walker Kessler,-0.3818124237360063,7.54964718321847,-1.91400920559766,1.286347983195319,1.2026531042681177
Wendell Carter Jr.,-0.5578573936172089,2.3032418543900737,-0.741069885527984,-1.7491512751806237,-1.5874657974401076
Yves Missi,-1.423911376606353,3.870119040896484,-3.1494502800381223,0.6671459100163633,0.39758109609570524
Zaccharie Risacher,-0.6529537181188299,-0.5283571624166709,-1.1932460333351835,0.51639599520965,0.5061469695596331
Zach Collins,-2.223666287722984,1.8648401521670215,-0.02437367915302997,-0.13320103372094588,0.5253913392252616
Zach Edey,-1.1342545444952683,5.616202191307187,-0.7740693123512751,-0.3623970450686894,0.7314278574796624
Zach LaVine,3.1944611242384604,-1.3943849509229007,0.306395799035178,2.7595451636180504,0.29511283119094844
Ziaire Williams,-0.6778098976595645,-0.2599224525048184,-1.8278278028502992,0.250163073258669,-0.9869669395354967
Zion Williamson,5.372893151215237,2.2050081494513396,-1.1702942255569089,0.12459380861153549,1.3764110748992628
